1,JohnDoe
2,JaneDoe
3,AliceJones
4,BobbyLouis
5,LisaRomero
6,TomWright
7,SarahWhite
8,JoeBrown
9,LisaDavis
10,TomWilson
11,LisaDavis
12,TomWilson
13,LisaDavis
14,TomWright
15,LisaRomero
16,TomWright
17,SarahWhite
18,JoeBrown
19,LisaDavis
20,TomWilson
21,LisaDavis
22,TomWilson
23,LisaDavis
24,TomWilson
25,LisaDavis
26,TomWright
27,LisaRomero
28,TomWright
29,SarahWhite
30,JoeBrown
31,LisaDavis
32,TomWilson
33,LisaDavis
34,TomWilson
35,LisaDavis
36,TomWright
37,LisaRomero
38,TomWright
39,SarahWhite
40,JoeBrown
41,LisaDavis
42,TomWilson
43,LisaDavis
44,TomWilson
45,LisaDavis
46,TomWright
47,LisaRomero
48,TomWright
49,SarahWhite
50,JoeBrown
51,LisaDavis
52,TomWilson
53,LisaDavis
54,TomWilson
55,LisaDavis
56,TomWright
57,LisaRomero
58,TomWright
59,SarahWhite
60,JoeBrown
61,LisaDavis
62,TomWilson
63,LisaDavis
64,TomWilson
65,LisaDavis
66,TomWright
67,LisaRomero
68,TomWright
69,SarahWhite
70,JoeBrown
71,LisaDavis
72,TomWilson
73,LisaDavis
74,TomWilson
75,LisaDavis
76,TomWright
77,LisaRomero
78,TomWright
79,SarahWhite
80,JoeBrown
81,LisaDavis
82,TomWilson
83,LisaDavis
84,TomWilson
85,LisaDavis
86,TomWright
87,LisaRomero
88,TomWright
89,SarahWhite
90,JoeBrown
91,LisaDavis
92,TomWilson
93,LisaDavis
94,TomWilson
95,LisaDavis
96,TomWright
97,LisaRomero
98,TomWright
99,SarahWhite
100,JoeBrown
101,LisaDavis
102,TomWilson
103,LisaDavis
104,TomWilson
105,LisaDavis
106,TomWright
107,LisaRomero
108,TomWright
109,SarahWhite
110,JoeBrown
111,LisaDavis
112,TomWilson
113,LisaDavis
114,TomWilson
115,LisaDavis
116,TomWright
117,LisaRomero
118,TomWright
119,SarahWhite
120,JoeBrown
121,LisaDavis
122,TomWilson
123,LisaDavis
124,TomWilson
125,LisaDavis
126,TomWright
127,LisaRomero
128,TomWright
129,SarahWhite
130,JoeBrown
131,LisaDavis
132,TomWilson
133,LisaDavis
134,TomWilson
135,LisaDavis
136,TomWright
137,LisaRomero
138,TomWright
139,SarahWhite
140,JoeBrown
141,LisaDavis
142,TomWilson
143,LisaDavis
144,TomWilson
145,LisaDavis
146,TomWright
147,LisaRomero
148,TomWright
149,SarahWhite
150,JoeBrown
151,LisaDavis
152,TomWilson
153,LisaDavis
154,TomWilson
155,LisaDavis
156,TomWright
157,LisaRomero
158,TomWright
159,SarahWhite
160,JoeBrown
161,LisaDavis
162,TomWilson
163,LisaDavis
164,TomWilson
165,LisaDavis
166,TomWright
167,LisaRomero
168,TomWright
169,SarahWhite
170,JoeBrown
171,LisaDavis
172,TomWilson
173,LisaDavis
174,TomWilson
175,LisaDavis
176,TomWright
177,LisaRomero
178,TomWright
179,SarahWhite
180,JoeBrown
181,LisaDavis
182,TomWilson
183,LisaDavis
184,TomWilson
185,LisaDavis
186,TomWright
187,LisaRomero
188,TomWright
189,SarahWhite
190,JoeBrown
191,LisaDavis
192,TomWilson
193,LisaDavis
194,TomWilson
195,LisaDavis
196,TomWright
197,LisaRomero
198,TomWright
199,SarahWhite
200,JoeBrown
201,JohnSmith
202,JaneSmith
203,AliceJohnson
204,BobbyJohnson
205,LisaBrown
206,TomDavis
207,SarahWilson
208,JoeMiller
209,LisaTaylor
210,TomAnderson
211,LisaClark
212,TomHarris
213,LisaYoung
214,TomLewis
215,LisaLee
216,TomWalker
217,LisaHall
218,TomAllen
219,LisaKing
220,TomBaker
221,LisaAdams
222,TomGreen
223,LisaHill
224,TomCook
225,LisaCarter
226,TomMitchell
227,LisaTurner
228,TomPhillips
229,LisaCampbell
230,TomParker
231,LisaEvans
232,TomEdwards
233,LisaCollins
234,TomStewart
235,LisaMorris
236,TomWatson
237,LisaMorgan
238,TomBell
239,LisaMurphy
240,TomBailey
241,LisaRussell
242,TomWard
243,LisaColeman
244,TomFox
245,LisaReed
246,TomCox
247,LisaCox
248,TomReed
249,LisaFox
250,TomColeman
251,LisaWard
252,TomRussell
253,LisaBailey
254,TomMurphy
255,LisaBell
256,TomMorgan
257,LisaWatson
258,TomMorris
259,LisaStewart
260,TomCollins
261,LisaEdwards
262,TomEvans
263,LisaParker
264,TomCampbell
265,LisaPhillips
266,TomTurner
267,LisaMitchell
268,TomCarter
269,LisaCook
270,TomHill
271,LisaGreen
272,TomAdams
273,LisaBaker
274,TomKing
275,LisaAllen
276,TomHall
277,LisaWalker
278,TomLee
279,LisaLewis
280,TomYoung
281,LisaHarris
282,TomClark
283,LisaAnderson
284,TomTaylor
285,LisaMiller
286,TomWilson
287,LisaDavis
288,TomSmith
289,LisaSmith
290,TomJohnson
291,LisaJohnson
292,TomBrown
293,LisaBrown
294,TomDavis
295,LisaDavis
296,TomWilson
297,LisaWilson
298,TomMiller
299,LisaMiller
300,TomTaylor
301,LisaTaylor
302,TomAnderson
303,LisaAnderson
304,TomClark
305,LisaClark
306,TomHarris
307,LisaHarris
308,TomYoung
309,LisaYoung
310,TomLewis
311,LisaLewis
312,TomWalker
313,LisaWalker
314,TomHall
315,LisaHall
316,TomAllen
317,LisaAllen
318,TomKing
319,LisaKing
320,TomBaker
321,LisaBaker
322,TomAdams
323,LisaAdams
324,TomGreen
325,LisaGreen
326,TomHill
327,LisaHill
328,TomCook
329,LisaCook
330,TomCarter
331,LisaCarter
332,TomMitchell
333,LisaMitchell
334,TomTurner
335,LisaTurner
336,TomPhillips
337,LisaPhillips
338,TomCampbell
339,LisaCampbell
340,TomParker
341,LisaParker
342,TomEvans
343,LisaEvans
344,TomEdwards
345,LisaEdwards
346,TomCollins
347,LisaCollins
348,TomStewart
349,LisaStewart
350,TomMorris
351,LisaMorris
352,TomWatson
353,LisaWatson
354,TomMorgan
355,LisaMorgan
356,TomBell
357,LisaBell
358,TomMurphy
359,LisaMurphy
360,TomBailey
361,LisaBailey
362,TomRussell
363,LisaRussell
364,TomWard
365,LisaWard
366,TomColeman
367,LisaColeman
368,TomFox
369,LisaFox
370,TomReed
371,LisaReed
372,TomCox
373,LisaCox
374,TomReed
375,LisaReed
376,TomFox
377,LisaFox
378,TomColeman
379,LisaColeman
380,TomWard
381,LisaWard
382,TomRussell
383,LisaRussell
384,TomBailey
385,LisaBailey
386,TomMurphy
387,LisaMurphy
388,TomBell
389,LisaBell
390,TomMorgan
391,LisaMorgan
392,TomWatson
393,LisaWatson
394,TomMorris
395,LisaMorris
396,TomStewart
397,LisaStewart
398,TomCollins
399,LisaCollins
400,TomEdwards
401,LisaEdwards
402,TomEvans
403,LisaEvans
404,TomParker
405,LisaParker
406,TomCampbell
407,LisaCampbell
408,TomPhillips
409,LisaPhillips
410,TomTurner
411,LisaTurner
412,TomMitchell
413,LisaMitchell
414,TomCarter
415,LisaCarter
416,TomCook
417,LisaCook
418,TomHill
419,LisaHill
420,TomGreen
421,LisaGreen
422,TomAdams
423,LisaAdams
424,TomBaker
425,LisaBaker
426,TomKing
427,LisaKing
428,TomAllen
429,LisaAllen
430,TomHall
431,LisaHall
432,TomWalker
433,LisaWalker
434,TomLee
435,LisaLee
436,TomLewis
437,LisaLewis
438,TomYoung
439,LisaYoung
440,TomHarris
441,LisaHarris
442,TomClark
443,LisaClark
444,TomAnderson
445,LisaAnderson
446,TomTaylor
447,LisaTaylor
448,TomMiller
449,LisaMiller
450,TomWilson
451,LisaWilson
452,TomSmith
453,LisaSmith
454,TomJohnson
455,LisaJohnson
456,TomBrown
457,LisaBrown
458,TomDavis
459,LisaDavis
460,TomWilson
461,LisaWilson
462,TomMiller
463,LisaMiller
464,TomTaylor
465,LisaTaylor
466,TomAnderson
467,LisaAnderson
468,TomClark
469,LisaClark
470,TomHarris
471,LisaHarris
472,TomYoung
473,LisaYoung
474,TomLewis
475,LisaLewis
476,TomWalker
477,LisaWalker
478,TomHall
479,LisaHall
480,TomAllen
481,LisaAllen
482,TomKing
483,LisaKing
484,TomBaker
485,LisaBaker
486,TomAdams
487,LisaAdams
488,TomGreen
489,LisaGreen
490,TomHill
491,LisaHill
492,TomCook
493,LisaCook
494,TomCarter
495,LisaCarter
496,TomMitchell
497,LisaMitchell
498,TomTurner
499,LisaTurner
500,TomPhillips
501,LisaPhillips
502,TomCampbell
503,LisaCampbell
504,TomParker
505,LisaParker
506,TomEvans
507,LisaEvans
508,TomEdwards
509,LisaEdwards
510,TomCollins
511,LisaCollins
512,TomStewart
513,LisaStewart
514,TomMorris
515,LisaMorris
516,TomWatson
517,LisaWatson
518,TomMorgan
519,LisaMorgan
520,TomBell
521,LisaBell
522,TomMurphy
523,LisaMurphy
524,TomBailey
525,LisaBailey
526,TomRussell
527,LisaRussell
528,TomWard
529,LisaWard
530,TomColeman
531,LisaColeman
532,TomFox
533,LisaFox
534,TomReed
535,LisaReed
536,TomCox
537,LisaCox
538,TomReed
539,LisaReed
540,TomFox
541,LisaFox
542,TomColeman
543,LisaColeman
544,TomWard
545,LisaWard
546,TomRussell
547,LisaRussell
548,TomBailey
549,LisaBailey
550,TomMurphy
551,LisaMurphy
552,TomBell
553,LisaBell
554,TomMorgan
555,LisaMorgan
556,TomWatson
557,LisaWatson
558,TomMorris
559,LisaMorris
560,TomStewart
561,LisaStewart
562,TomCollins
563,LisaCollins
564,TomEdwards
565,LisaEdwards
566,TomEvans
567,LisaEvans
568,TomParker
569,LisaParker
570,TomCampbell
571,LisaCampbell
572,TomPhillips
573,LisaPhillips
574,TomTurner
575,LisaTurner
576,TomMitchell
577,LisaMitchell
578,TomCarter
579,LisaCarter
580,TomCook
581,LisaCook
582,TomHill
583,LisaHill
584,TomGreen
585,LisaGreen
586,TomAdams
587,LisaAdams
588,TomBaker
589,LisaBaker
590,TomKing
591,LisaKing
592,TomAllen
593,LisaAllen
594,TomHall
595,LisaHall
596,TomWalker
597,LisaWalker
598,TomLee
599,LisaLee
600,TomLewis
601,LisaLewis
602,TomYoung
603,LisaYoung
604,TomHarris
605,LisaHarris
606,TomClark
607,LisaClark
608,TomAnderson
609,LisaAnderson
610,TomTaylor
611,LisaTaylor
612,TomMiller
613,LisaMiller
614,TomWilson
615,LisaWilson
616,TomSmith
617,LisaSmith
618,TomJohnson
619,LisaJohnson
620,TomBrown
621,LisaBrown
622,TomDavis
623,LisaDavis
624,TomWilson
625,LisaWilson
626,TomMiller
627,LisaMiller
628,TomTaylor
629,LisaTaylor
630,TomAnderson
631,LisaAnderson
632,TomClark
633,LisaClark
634,TomHarris
635,LisaHarris
636,TomYoung
637,LisaYoung
638,TomLewis
639,LisaLewis
640,TomWalker
641,LisaWalker
642,TomHall
643,LisaHall
644,TomAllen
645,LisaAllen
646,TomKing
647,LisaKing
648,TomBaker
649,LisaBaker
650,TomAdams
651,LisaAdams
652,TomGreen
653,LisaGreen
654,TomHill
655,LisaHill
656,TomCook
657,LisaCook
658,TomCarter
659,LisaCarter
660,TomMitchell
661,LisaMitchell
662,TomTurner
663,LisaTurner
664,TomPhillips
665,LisaPhillips
666,TomCampbell
667,LisaCampbell
668,TomParker
669,LisaParker
670,TomEvans
671,LisaEvans
672,TomEdwards
673,LisaEdwards
674,TomCollins
675,LisaCollins
676,TomStewart
677,LisaStewart
678,TomMorris
679,LisaMorris
680,TomWatson
681,LisaWatson
682,TomMorgan
683,LisaMorgan
684,TomBell
685,LisaBell
686,TomMurphy
687,LisaMurphy
688,TomBailey
689,LisaBailey
690,TomRussell
691,LisaRussell
692,TomWard
693,LisaWard
694,TomColeman
695,LisaColeman
696,TomFox
697,LisaFox
698,TomReed
699,LisaReed
700,TomCox
701,LisaCox
702,TomReed
703,LisaReed
704,TomFox
705,LisaFox
706,TomColeman
707,LisaColeman
708,TomWard
709,LisaWard
710,TomRussell
711,LisaRussell
712,TomBailey
713,LisaBailey
714,TomMurphy
715,LisaMurphy
716,TomBell
717,LisaBell
718,TomMorgan
719,LisaMorgan
720,TomWatson
721,LisaWatson
722,TomMorris
723,LisaMorris
724,TomStewart
725,LisaStewart
726,TomCollins
727,LisaCollins
728,TomEdwards
729,LisaEdwards
730,TomEvans
731,LisaEvans
732,TomParker
733,LisaParker
734,TomCampbell
735,LisaCampbell
736,TomPhillips
737,LisaPhillips
738,TomTurner
739,LisaTurner
740,TomMitchell
741,LisaMitchell
742,TomCarter
743,LisaCarter
744,TomCook
745,LisaCook
746,TomHill
747,LisaHill
748,TomGreen
749,LisaGreen
750,TomAdams
751,LisaAdams
752,TomBaker
753,LisaBaker
754,TomKing
755,LisaKing
756,TomAllen
757,LisaAllen
758,TomHall
759,LisaHall
760,TomWalker
761,LisaWalker
762,TomLee
763,LisaLee
764,TomLewis
765,LisaLewis
766,TomYoung
767,LisaYoung
768,TomHarris
769,LisaHarris
770,TomClark
771,LisaClark
772,TomAnderson
773,LisaAnderson
774,TomTaylor
775,LisaTaylor
776,TomMiller
777,LisaMiller
778,TomWilson
779,LisaWilson
780,TomSmith
781,LisaSmith
782,TomJohnson
783,LisaJohnson
784,TomBrown
785,LisaBrown
786,TomDavis
787,LisaDavis
788,TomWilson
789,LisaWilson
790,TomMiller
791,LisaMiller
792,TomTaylor
793,LisaTaylor
794,TomAnderson
795,LisaAnderson
796,TomClark
797,LisaClark
798,TomHarris
799,LisaHarris
800,TomYoung
801,LisaYoung
802,TomLewis
803,LisaLewis
804,TomWalker
805,LisaWalker
806,TomHall
807,LisaHall
808,TomAllen
809,LisaAllen
810,TomKing
811,LisaKing
812,TomBaker
813,LisaBaker
814,TomAdams
815,LisaAdams
816,TomGreen
817,LisaGreen
818,TomHill
819,LisaHill
820,TomCook
821,LisaCook
822,TomCarter
823,LisaCarter
824,TomMitchell
825,LisaMitchell
826,TomTurner
827,LisaTurner
828,TomPhillips
829,LisaPhillips
830,TomCampbell
831,LisaCampbell
832,TomParker
833,LisaParker
834,TomEvans
835,LisaEvans
836,TomEdwards
837,LisaEdwards
838,TomCollins
839,LisaCollins
840,TomStewart
841,LisaStewart
842,TomMorris
843,LisaMorris
844,TomWatson
845,LisaWatson
846,TomMorgan
847,LisaMorgan
848,TomBell
849,LisaBell
850,TomMurphy
851,LisaMurphy
852,TomBailey
853,LisaBailey
854,TomRussell
855,LisaRussell
856,TomWard
857,LisaWard
858,TomColeman
859,LisaColeman
860,TomFox
861,LisaFox
862,TomReed
863,LisaReed
864,TomCox
865,LisaCox
866,TomReed
867,LisaReed
868,TomFox
869,LisaFox
870,TomColeman
871,LisaColeman
872,TomWard
873,LisaWard
874,TomRussell
875,LisaRussell
876,TomBailey
877,LisaBailey
878,TomMurphy
879,LisaMurphy
880,TomBell
881,LisaBell
882,TomMorgan
883,LisaMorgan
884,TomWatson
885,LisaWatson
886,TomMorris
887,LisaMorris
888,TomStewart
889,LisaStewart
890,TomCollins
891,LisaCollins
892,TomEdwards
893,LisaEdwards
894,TomEvans
895,LisaEvans
896,TomParker
897,LisaParker
898,TomCampbell
899,LisaCampbell
900,TomPhillips
901,LisaPhillips
902,TomTurner
903,LisaTurner
904,TomMitchell
905,LisaMitchell
906,TomCarter
907,LisaCarter
908,TomCook
909,LisaCook
910,TomHill
911,LisaHill
912,TomGreen
913,LisaGreen
914,TomAdams
915,LisaAdams
916,TomBaker
917,LisaBaker
918,TomKing
919,LisaKing
920,TomAllen
921,LisaAllen
922,TomHall
923,LisaHall
924,TomWalker
925,LisaWalker
926,TomLee
927,LisaLee
928,TomLewis
929,LisaLewis
930,TomYoung
931,LisaYoung
932,TomHarris
933,LisaHarris
934,TomClark
935,LisaClark
936,TomAnderson
937,LisaAnderson
938,TomTaylor
939,LisaTaylor
940,TomMiller
941,LisaMiller
942,TomWilson
943,LisaWilson
944,TomSmith
945,LisaSmith
946,TomJohnson
947,LisaJohnson
948,TomBrown
949,LisaBrown
950,TomDavis
951,LisaDavis
952,TomWilson
953,LisaWilson
954,TomMiller
955,LisaMiller
956,TomTaylor
957,LisaTaylor
958,TomAnderson
959,LisaAnderson
960,TomClark
961,LisaClark
962,TomHarris
963,LisaHarris
964,TomYoung
965,LisaYoung
966,TomLewis
967,LisaLewis
968,TomWalker
969,LisaWalker
970,TomHall
971,LisaHall
972,TomAllen
973,LisaAllen
974,TomKing
975,LisaKing
976,TomBaker
977,LisaBaker
978,TomAdams
979,LisaAdams
980,TomGreen
981,LisaGreen
982,TomHill
983,LisaHill
984,TomCook
985,LisaCook
986,TomCarter
987,LisaCarter
988,TomMitchell
989,LisaMitchell
990,TomTurner
991,LisaTurner
992,TomPhillips
993,LisaPhillips
994,TomCampbell
995,LisaCampbell
996,TomParker
997,LisaParker
998,TomEvans
999,LisaEvans
1000,TomEdwards
1001,LisaCollins
1002,TomStewart
1003,LisaMorris
1004,TomWatson
1005,LisaMorgan
1006,TomBell
1007,LisaMurphy
1008,TomBailey
1009,LisaRussell
1010,TomWard
1011,LisaColeman
1012,TomFox
1013,LisaReed
1014,TomCox
1015,LisaReed
1016,TomFox
1017,LisaColeman
1018,TomWard
1019,LisaRussell
1020,TomBailey
1021,LisaMurphy
1022,TomBell
1023,LisaMorgan
1024,TomWatson
1025,LisaMorris
1026,TomStewart
1027,LisaCollins
1028,TomEdwards
1029,LisaEvans
1030,TomParker
1031,LisaCampbell
1032,TomPhillips
1033,LisaTurner
1034,TomMitchell
1035,LisaCarter
1036,TomCook
1037,LisaHill
1038,TomGreen
1039,LisaAdams
1040,TomBaker
1041,LisaKing
1042,TomAllen
1043,LisaHall
1044,TomWalker
1045,LisaLee
1046,TomLewis
1047,LisaYoung
1048,TomHarris
1049,LisaClark
1050,TomAnderson
1051,LisaTaylor
1052,TomMiller
1053,LisaWilson
1054,TomSmith
1055,LisaSmith
1056,TomJohnson
1057,LisaJohnson
1058,TomBrown
1059,LisaBrown
1060,TomDavis
1061,LisaDavis
1062,TomWilson
1063,LisaWilson
1064,TomMiller
1065,LisaMiller
1066,TomTaylor
1067,LisaTaylor
1068,TomAnderson
1069,LisaAnderson
1070,TomClark
1071,LisaClark
1072,TomHarris
1073,LisaHarris
1074,TomYoung
1075,LisaYoung
1076,TomLewis
1077,LisaLewis
1078,TomWalker
1079,LisaWalker
1080,TomHall
1081,LisaHall
1082,TomAllen
1083,LisaAllen
1084,TomKing
1085,LisaKing
1086,TomBaker
1087,LisaBaker
1088,TomAdams
1089,LisaAdams
1090,TomGreen
1091,LisaGreen
1092,TomHill
1093,LisaHill
1094,TomCook
1095,LisaCook
1096,TomCarter
1097,LisaCarter
1098,TomMitchell
1099,LisaMitchell
1100,TomTurner
1101,LisaTurner
1102,TomPhillips
1103,LisaPhillips
1104,TomCampbell
1105,LisaCampbell
1106,TomParker
1107,LisaParker
1108,TomEvans
1109,LisaEvans
1110,TomEdwards
1111,LisaEdwards
1112,TomCollins
1113,LisaCollins
1114,TomStewart
1115,LisaStewart
1116,TomMorris
1117,LisaMorris
1118,TomWatson
1119,LisaWatson
1120,TomMorgan
1121,LisaMorgan
1122,TomBell
1123,LisaBell
1124,TomMurphy
1125,LisaMurphy
1126,TomBailey
1127,LisaBailey
1128,TomRussell
1129,LisaRussell
1130,TomWard
1131,LisaWard
1132,TomColeman
1133,LisaColeman
1134,TomFox
1135,LisaFox
1136,TomReed
1137,LisaReed
1138,TomCox
1139,LisaCox
1140,TomReed
1141,LisaReed
1142,TomFox
1143,LisaFox
1144,TomColeman
1145,LisaColeman
1146,TomWard
1147,LisaWard
1148,TomRussell
1149,LisaRussell
1150,TomBailey
1151,LisaBailey
1152,TomMurphy
1153,LisaMurphy
1154,TomBell
1155,LisaBell
1156,TomMorgan
1157,LisaMorgan
1158,TomWatson
1159,LisaWatson
1160,TomMorris
1161,LisaMorris
1162,TomStewart
1163,LisaStewart
1164,TomCollins
1165,LisaCollins
1166,TomEdwards
1167,LisaEdwards
1168,TomEvans
1169,LisaEvans
1170,TomParker
1171,LisaParker
1172,TomCampbell
1173,LisaCampbell
1174,TomPhillips
1175,LisaPhillips
1176,TomTurner
1177,LisaTurner
1178,TomMitchell
1179,LisaMitchell
1180,TomCarter
1181,LisaCarter
1182,TomCook
1183,LisaCook
1184,TomHill
1185,LisaHill
1186,TomGreen
1187,LisaGreen
1188,TomAdams
1189,LisaAdams
1190,TomBaker
1191,LisaBaker
1192,TomKing
1193,LisaKing
1194,TomAllen
1195,LisaAllen
1196,TomHall
1197,LisaHall
1198,TomWalker
1199,LisaWalker
1200,TomLee
1201,LisaLee
1202,TomLewis
1203,LisaLewis
1204,TomYoung
1205,LisaYoung
1206,TomHarris
1207,LisaHarris
1208,TomClark
1209,LisaClark
1210,TomAnderson
1211,LisaAnderson
1212,TomTaylor
1213,LisaTaylor
1214,TomMiller
1215,LisaMiller
1216,TomWilson
1217,LisaWilson
1218,TomSmith
1219,LisaSmith
1220,TomJohnson
